Column,feature 포함여부,N_Unique,Dtype,Null_Count,Null_Ratio(%),Sample_Values_5
lims_data_key,0,676531,string,0,0,"['O002012_250100044_1_5', 'O000728_250103704_4_3', 'O000130_250700450_1_5', '1471124_250703286_1_1', 'O000168_250702030_2_1', 'O000473_250701529_11_1', 'O000313_250700212_1_2']"
hazard_label,0,1,category,0,0,['리스테리아']
judge_result,1,2,category,0,0,"['불검출', '검출']"
src_route,1,2,category,0,0,"['domestic', 'overseas']"
data_source,0,1,category,0,0,['식약처']
expr_iem_nm,0,4,category,0,0,"['리스테리아모노사이토제네스', '리스테리아 모노사이토제네스', '리스테리아 모노싸이토제네스', '리스테리아 모노사이토제네스(자연치즈)']"
result_value,0,100,string,0,0,"['음성,음성,음성,음성,음성', '음성', '불검출', '음성, 음성, 음성, 음성, 음성', '양성', '양성,양성,양성,양성,양성', '음성[pool: n1 ~ n5]']"
result_value_num,0,2,float32,672754,99.44,"[np.float32(0.0), np.float32(2.0)]"
judge_stdr,0,17,string,669258,98.92,"['n=5,c=0,m=0/25g', 'n=5, c=0, m=0/25g', '음성   ', '100', 'n=5,c=0,m=0', 'n=5, c=0, m=0/25 g', 'n=5,c=2,m=0']"
judge_stdr_num,0,5,float32,676463,99.99,"[np.float32(100.0), np.float32(20.0), np.float32(25.0), np.float32(1000.0), np.float32(0.5)]"
inspct_instt_code,1,270,category,0,0,"['O002012', 'O000728', 'O000130', '1471124', 'O000168', 'O000473', 'O000313']"
prdlst_code,0,1251,category,0,0,"['C0322020100000', 'Z3800100000000', 'C0318030000000', 'C0318090300000000000', 'C0302010400000', 'C0318040100000', 'G0100000100000']"
train_prdlst_code,0,52,category,135,0.02,"['C0322000000000', 'Z3800000000000', 'C0318000000000', 'C0302000000000', 'G0100000000000', 'C0315000000000', 'C0316000000000']"
train_prdlst_nm,1,53,category,0,0,"['즉석식품류', '기타기준규격외', '유가공품류', '빙과류', '조리식품 등', '농산가공식품류', '식육가공품 및 포장육']"
train_prdlst_code_2,0,226,category,135,0.02,"['C0322020000000', 'Z3800100000000', 'C0318030000000', 'C0318090000000', 'C0302010000000', 'C0318040000000', 'G0100000100000']"
train_prdlst_nm_2,1,226,category,0,0,"['즉석섭취.편의식품류', '기타기준규격외', '산양유', '치즈류', '아이스크림류', '발효유류', '조리식품 등']"
prduct_nm,0,279462,string,1,0,"['렌위치 NY 샌드위치', '삼치(국내산_해동,전처리,세척전)', '숲속산양목장 산양유', '무게또 고르곤졸라 & 마스카포네', '뉴 쿠즈코초콜릿', '돈육(냉동)(국내)절단/성형후1차', '요플레 Only 3 플레인']"
mnfctur_cmpny_nm,0,19269,string,327664,48.43,"[""존쿡 쉐프의 키친(Johncook chef's kitchen)"", '영어조합법인 서풍', '임실 산양유', '(주)테이트', '(주)빙그레 광주공장', '(주)태원', '군산시수산업협동조합군납사업팀']"
mnfctur_de,1,3909,datetime64[ms],0,0,"[Timestamp('2025-10-11 00:00:00'), Timestamp('2025-04-28 00:00:00'), Timestamp('2025-06-09 00:00:00'), Timestamp('2025-07-25 00:00:00'), Timestamp('2025-08-11 00:00:00'), Timestamp('2025-10-15 00:00:00'), Timestamp('2025-08-14 00:00:00')]"
date_basis,0,3,category,0,0,"['제조일', '의뢰일', '선적일']"
addr,1,41343,string,0,0,"['경기도 안성시 미양면 제2공단2길 25', '전라남도 여수시 화양면 석교로 121', '전북특별자치도 임실군 신덕면 수지로 73-8', 'VIA V.EMANUELE 62, 23815 INTROBIO (LECCO)', '경기도 광주시 오포읍 봉골길33번길 23', '경기도 포천시 소흘읍 거친봉이1길 17-23', '경기도 광주시 곤지암읍 독고개길86번길 23']"
addr_source,0,5,category,0,0,"['제조사소재지', '해외제조업소', '업소주소', '인허가대장', '제조사소재지(보완)']"
legal_dong_code,1,3772,category,47642,7.04,"['4155034000', '4613033000', '5275036000', '4161025000', '4165025000', '4161025900', '4479032000']"
lat,1,6656,float32,0,0,"[np.float32(36.975372), np.float32(34.708126), np.float32(35.68397), np.float32(45.9778), np.float32(37.362312), np.float32(37.82332), np.float32(37.350933)]"
lon,1,6630,float32,0,0,"[np.float32(127.215195), np.float32(127.613495), np.float32(127.17828), np.float32(9.449053), np.float32(127.21352), np.float32(127.1386), np.float32(127.35237)]"
